site_id,week_start,quarter,site_type,smartshift_live,staff_on_roster,open_positions,cases_opened,cases_closed,median_intake_wait_days,missed_visits,documentation_errors,satisfaction_responses,client_satisfaction
S1,2024-01-01,2024Q1,Urban,0,70,0,95,95,6.1,3,4,36,4.03
S1,2024-01-08,2024Q1,Urban,0,70,0,107,97,4.8,5,5,40,4.3
S1,2024-01-15,2024Q1,Urban,0,70,0,94,101,5.8,1,3,41,4.03
S1,2024-01-22,2024Q1,Urban,0,70,0,99,103,6.0,6,4,34,3.93
S1,2024-01-29,2024Q1,Urban,0,70,0,91,109,7.1,5,5,28,3.73
S1,2024-02-05,2024Q1,Urban,0,70,0,88,88,4.8,1,2,33,4.0
S1,2024-02-12,2024Q1,Urban,0,70,0,69,90,6.5,2,4,26,3.86
S1,2024-02-19,2024Q1,Urban,0,70,0,69,108,5.3,4,5,22,3.84
S1,2024-02-26,2024Q1,Urban,0,70,0,95,85,5.6,6,5,27,3.96
S1,2024-03-04,2024Q1,Urban,0,70,0,81,88,5.2,5,8,49,4.24
S1,2024-03-11,2024Q1,Urban,0,70,0,76,79,5.6,5,6,33,4.16
S1,2024-03-18,2024Q1,Urban,0,70,0,74,96,3.1,1,2,28,4.36
S1,2024-03-25,2024Q1,Urban,0,70,0,84,90,5.1,3,7,24,4.17
S1,2024-04-01,2024Q2,Urban,0,71,0,79,87,4.6,1,5,29,4.2
S1,2024-04-08,2024Q2,Urban,0,71,0,79,88,3.3,3,5,26,4.21
S1,2024-04-15,2024Q2,Urban,0,71,0,81,86,3.8,5,3,35,4.35
S1,2024-04-22,2024Q2,Urban,0,71,0,94,80,4.6,4,4,31,4.26
S1,2024-04-29,2024Q2,Urban,0,71,0,87,80,4.4,3,2,29,4.05
S1,2024-05-06,2024Q2,Urban,0,71,0,80,89,5.0,1,7,31,4.11
S1,2024-05-13,2024Q2,Urban,0,71,0,86,87,5.4,5,6,38,3.93
S1,2024-05-20,2024Q2,Urban,0,71,0,75,78,5.8,6,1,22,4.17
S1,2024-05-27,2024Q2,Urban,0,71,0,86,86,4.4,4,4,35,4.01
S1,2024-06-03,2024Q2,Urban,0,71,0,81,76,3.1,5,4,20,4.31
S1,2024-06-10,2024Q2,Urban,0,71,0,100,82,3.9,6,7,33,4.33
S1,2024-06-17,2024Q2,Urban,0,71,0,61,90,4.6,8,6,14,3.95
S1,2024-06-24,2024Q2,Urban,0,71,0,61,101,3.7,7,2,25,4.29
S1,2024-07-01,2024Q3,Urban,0,68,2,82,77,4.3,6,4,26,4.16
S1,2024-07-08,2024Q3,Urban,0,68,2,83,89,3.3,3,2,39,4.32
S1,2024-07-15,2024Q3,Urban,0,68,2,75,77,4.9,4,6,24,4.21
S1,2024-07-22,2024Q3,Urban,0,68,2,83,80,4.4,9,3,37,4.15
S1,2024-07-29,2024Q3,Urban,0,68,2,64,85,4.1,7,2,29,4.15
S1,2024-08-05,2024Q3,Urban,0,68,2,72,84,5.9,7,2,27,4.12
S1,2024-08-12,2024Q3,Urban,0,68,2,82,76,4.7,7,5,25,4.21
S1,2024-08-19,2024Q3,Urban,0,68,2,84,79,3.3,5,4,31,4.37
S1,2024-08-26,2024Q3,Urban,0,68,2,87,80,4.5,3,2,41,4.21
S1,2024-09-02,2024Q3,Urban,0,68,2,81,89,4.8,6,3,16,4.05
S1,2024-09-09,2024Q3,Urban,0,68,2,87,86,3.3,7,2,30,4.02
S1,2024-09-16,2024Q3,Urban,0,68,2,80,83,3.0,11,5,24,4.22
S1,2024-09-23,2024Q3,Urban,0,68,2,90,95,4.1,7,7,32,4.36
S1,2024-09-30,2024Q3,Urban,0,68,2,71,90,4.3,3,4,27,4.12
S1,2024-10-07,2024Q4,Urban,0,69,1,72,79,4.9,3,4,21,3.97
S1,2024-10-14,2024Q4,Urban,0,69,1,84,88,6.0,4,7,24,4.04
S1,2024-10-21,2024Q4,Urban,0,69,1,87,74,5.0,2,9,25,3.98
S1,2024-10-28,2024Q4,Urban,0,69,1,86,90,2.7,6,10,24,4.49
S1,2024-11-04,2024Q4,Urban,0,69,1,85,69,5.5,3,4,31,3.94
S1,2024-11-11,2024Q4,Urban,0,69,1,73,78,5.2,6,5,27,4.29
S1,2024-11-18,2024Q4,Urban,0,69,1,76,74,3.6,6,5,28,4.41
S1,2024-11-25,2024Q4,Urban,0,69,1,76,102,3.7,6,7,36,4.29
S1,2024-12-02,2024Q4,Urban,0,69,1,88,89,5.7,8,2,28,3.95
S1,2024-12-09,2024Q4,Urban,0,69,1,82,84,4.9,7,6,20,3.87
S1,2024-12-16,2024Q4,Urban,0,69,1,98,91,5.4,5,4,29,4.35
S1,2024-12-23,2024Q4,Urban,0,69,1,82,104,6.6,4,5,24,3.94
S1,2024-12-30,2024Q4,Urban,0,69,1,77,105,6.4,5,2,23,3.86
S1,2025-01-06,2025Q1,Urban,1,69,1,113,82,4.7,4,4,37,4.22
S1,2025-01-13,2025Q1,Urban,1,69,1,81,76,6.4,7,4,29,3.86
S1,2025-01-20,2025Q1,Urban,1,69,1,81,106,7.1,5,2,22,3.81
S1,2025-01-27,2025Q1,Urban,1,69,1,80,92,5.0,7,4,25,4.04
S1,2025-02-03,2025Q1,Urban,1,69,1,87,86,4.6,3,0,32,4.04
S1,2025-02-10,2025Q1,Urban,1,69,1,101,91,7.1,4,1,37,3.87
S1,2025-02-17,2025Q1,Urban,1,69,1,86,99,6.3,5,5,35,3.76
S1,2025-02-24,2025Q1,Urban,1,69,1,88,82,5.2,4,4,28,4.0
S1,2025-03-03,2025Q1,Urban,1,69,1,78,91,4.8,7,2,27,3.93
S1,2025-03-10,2025Q1,Urban,1,69,1,84,96,4.5,9,3,28,4.17
S1,2025-03-17,2025Q1,Urban,1,69,1,76,93,5.6,3,5,24,4.16
S1,2025-03-24,2025Q1,Urban,1,69,1,88,80,5.3,3,3,22,3.83
S1,2025-03-31,2025Q1,Urban,1,69,1,91,100,4.8,5,3,29,4.27
S1,2025-04-07,2025Q2,Urban,1,68,2,85,88,6.0,9,2,31,3.95
S1,2025-04-14,2025Q2,Urban,1,68,2,77,70,5.1,8,4,26,4.01
S1,2025-04-21,2025Q2,Urban,1,68,2,70,80,5.7,7,3,25,3.86
S1,2025-04-28,2025Q2,Urban,1,68,2,71,83,4.0,8,2,24,4.41
S1,2025-05-05,2025Q2,Urban,1,68,2,87,83,4.2,5,2,34,4.24
S1,2025-05-12,2025Q2,Urban,1,68,2,89,90,5.1,6,3,32,4.02
S1,2025-05-19,2025Q2,Urban,1,68,2,77,77,6.6,8,3,30,3.88
S1,2025-05-26,2025Q2,Urban,1,68,2,88,90,5.9,2,4,33,4.07
S1,2025-06-02,2025Q2,Urban,1,68,2,87,92,4.0,5,1,21,4.13
S1,2025-06-09,2025Q2,Urban,1,68,2,92,85,5.3,4,1,33,3.95
S1,2025-06-16,2025Q2,Urban,1,68,2,89,83,4.4,3,6,24,4.02
S1,2025-06-23,2025Q2,Urban,1,68,2,71,87,3.9,10,3,23,4.25
S1,2025-06-30,2025Q2,Urban,1,68,2,94,92,6.3,5,0,38,4.05
S1,2025-07-07,2025Q3,Urban,1,68,2,89,75,3.9,6,2,20,3.9
S1,2025-07-14,2025Q3,Urban,1,68,2,80,89,5.4,7,2,28,4.02
S1,2025-07-21,2025Q3,Urban,1,68,2,78,74,5.5,6,3,25,4.12
S1,2025-07-28,2025Q3,Urban,1,68,2,80,86,5.6,6,6,24,3.97
S1,2025-08-04,2025Q3,Urban,1,68,2,93,80,6.2,5,5,33,4.03
S1,2025-08-11,2025Q3,Urban,1,68,2,92,80,5.0,5,3,36,4.14
S1,2025-08-18,2025Q3,Urban,1,68,2,79,80,3.8,8,4,30,4.1
S1,2025-08-25,2025Q3,Urban,1,68,2,83,85,5.2,8,2,32,4.01
S1,2025-09-01,2025Q3,Urban,1,68,2,77,77,5.9,10,3,29,3.75
S1,2025-09-08,2025Q3,Urban,1,68,2,80,75,4.8,8,2,23,4.19
S1,2025-09-15,2025Q3,Urban,1,68,2,71,72,4.8,6,4,19,4.21
S1,2025-09-22,2025Q3,Urban,1,68,2,87,92,5.8,5,0,27,4.02
S1,2025-09-29,2025Q3,Urban,1,68,2,79,70,3.9,3,2,28,4.05
S1,2025-10-06,2025Q4,Urban,1,68,2,82,82,4.2,5,2,16,4.04
S1,2025-10-13,2025Q4,Urban,1,68,2,83,78,4.3,4,5,19,4.17
S1,2025-10-20,2025Q4,Urban,1,68,2,73,84,5.1,9,7,26,4.17
S1,2025-10-27,2025Q4,Urban,1,68,2,96,82,5.1,8,2,31,4.09
S1,2025-11-03,2025Q4,Urban,1,68,2,97,84,4.3,5,2,35,4.14
S1,2025-11-10,2025Q4,Urban,1,68,2,71,93,5.9,7,1,24,3.93
S1,2025-11-17,2025Q4,Urban,1,68,2,71,78,5.2,5,5,22,3.97
S1,2025-11-24,2025Q4,Urban,1,68,2,80,81,5.1,3,4,18,4.02
S1,2025-12-01,2025Q4,Urban,1,68,2,106,87,6.7,9,5,37,3.96
S1,2025-12-08,2025Q4,Urban,1,68,2,78,98,6.4,6,5,25,3.91
S1,2025-12-15,2025Q4,Urban,1,68,2,97,90,5.5,6,8,30,3.87
S1,2025-12-22,2025Q4,Urban,1,68,2,86,100,6.9,5,4,33,3.72
S2,2024-01-01,2024Q1,Urban,0,65,0,88,40,6.2,2,5,38,4.08
S2,2024-01-08,2024Q1,Urban,0,65,0,78,32,6.1,3,3,34,4.2
S2,2024-01-15,2024Q1,Urban,0,65,0,84,39,3.7,7,6,25,4.36
S2,2024-01-22,2024Q1,Urban,0,65,0,72,40,6.8,6,3,26,3.95
S2,2024-01-29,2024Q1,Urban,0,65,0,92,35,5.8,1,6,40,4.09
S2,2024-02-05,2024Q1,Urban,0,65,0,86,39,5.0,8,4,39,4.07
S2,2024-02-12,2024Q1,Urban,0,65,0,79,36,5.6,4,6,29,3.93
S2,2024-02-19,2024Q1,Urban,0,65,0,69,39,8.2,5,2,22,3.64
S2,2024-02-26,2024Q1,Urban,0,65,0,73,34,7.7,7,5,31,3.86
S2,2024-03-04,2024Q1,Urban,0,65,0,84,38,5.7,2,4,43,4.02
S2,2024-03-11,2024Q1,Urban,0,65,0,68,36,4.9,6,7,22,4.1
S2,2024-03-18,2024Q1,Urban,0,65,0,60,36,4.3,0,5,22,4.18
S2,2024-03-25,2024Q1,Urban,0,65,0,71,626,5.4,6,4,18,3.99
S2,2024-04-01,2024Q2,Urban,0,61,4,75,34,4.7,6,3,25,3.94
S2,2024-04-08,2024Q2,Urban,0,61,4,66,36,3.9,2,7,26,4.35
S2,2024-04-15,2024Q2,Urban,0,61,4,84,26,5.9,4,2,23,3.87
S2,2024-04-22,2024Q2,Urban,0,61,4,58,30,5.7,5,3,23,3.94
S2,2024-04-29,2024Q2,Urban,0,61,4,64,26,5.0,5,3,20,4.08
S2,2024-05-06,2024Q2,Urban,0,61,4,85,30,5.6,2,2,27,4.17
S2,2024-05-13,2024Q2,Urban,0,61,4,66,33,4.9,7,5,25,4.01
S2,2024-05-20,2024Q2,Urban,0,61,4,75,29,5.8,4,7,22,3.82
S2,2024-05-27,2024Q2,Urban,0,61,4,95,28,5.4,9,5,33,4.02
S2,2024-06-03,2024Q2,Urban,0,61,4,89,39,5.3,6,4,40,4.04
S2,2024-06-10,2024Q2,Urban,0,61,4,71,36,5.7,3,5,39,3.93
S2,2024-06-17,2024Q2,Urban,0,61,4,87,32,4.1,6,1,34,4.22
S2,2024-06-24,2024Q2,Urban,0,61,4,79,529,6.7,8,2,30,4.0
S2,2024-07-01,2024Q3,Urban,0,62,3,80,30,3.7,5,7,22,4.16
S2,2024-07-08,2024Q3,Urban,0,62,3,72,34,5.1,4,11,26,4.08
S2,2024-07-15,2024Q3,Urban,0,62,3,79,34,5.4,7,4,28,3.95
S2,2024-07-22,2024Q3,Urban,0,62,3,75,39,4.6,10,4,20,4.12
S2,2024-07-29,2024Q3,Urban,0,62,3,67,38,7.1,6,4,23,3.78
S2,2024-08-05,2024Q3,Urban,0,62,3,68,30,5.5,8,2,25,4.13
S2,2024-08-12,2024Q3,Urban,0,62,3,76,36,5.5,8,5,30,3.9
S2,2024-08-19,2024Q3,Urban,0,62,3,72,32,5.7,7,3,29,4.01
S2,2024-08-26,2024Q3,Urban,0,62,3,68,32,4.7,3,8,22,4.26
S2,2024-09-02,2024Q3,Urban,0,62,3,75,36,4.4,4,2,23,4.06
S2,2024-09-09,2024Q3,Urban,0,62,3,65,32,4.4,5,5,27,4.31
S2,2024-09-16,2024Q3,Urban,0,62,3,65,36,3.7,7,3,17,4.39
S2,2024-09-23,2024Q3,Urban,0,62,3,80,35,4.8,6,4,30,4.06
S2,2024-09-30,2024Q3,Urban,0,62,3,84,599,5.9,4,6,31,4.03
S2,2024-10-07,2024Q4,Urban,0,62,3,79,37,6.3,6,3,22,4.08
S2,2024-10-14,2024Q4,Urban,0,62,3,94,38,5.4,2,4,33,4.15
S2,2024-10-21,2024Q4,Urban,0,62,3,75,32,4.7,5,0,20,4.01
S2,2024-10-28,2024Q4,Urban,0,62,3,81,27,3.2,5,4,24,4.41
S2,2024-11-04,2024Q4,Urban,0,62,3,77,35,5.7,5,1,30,4.2
S2,2024-11-11,2024Q4,Urban,0,62,3,86,38,5.3,2,3,35,4.13
S2,2024-11-18,2024Q4,Urban,0,62,3,82,38,5.5,8,5,22,4.24
S2,2024-11-25,2024Q4,Urban,0,62,3,71,34,4.3,3,6,27,4.32
S2,2024-12-02,2024Q4,Urban,0,62,3,81,36,6.3,5,4,18,4.14
S2,2024-12-09,2024Q4,Urban,0,62,3,81,34,7.3,1,2,28,3.79
S2,2024-12-16,2024Q4,Urban,0,62,3,89,37,7.2,11,3,23,3.81
S2,2024-12-23,2024Q4,Urban,0,62,3,75,36,6.7,8,2,25,3.81
S2,2024-12-30,2024Q4,Urban,0,62,3,85,602,5.5,3,2,20,4.27
S2,2025-01-06,2025Q1,Urban,0,60,5,69,36,7.5,7,5,22,3.82
S2,2025-01-13,2025Q1,Urban,0,60,5,83,46,5.0,2,2,28,4.12
S2,2025-01-20,2025Q1,Urban,0,60,5,79,36,5.3,5,8,21,3.84
S2,2025-01-27,2025Q1,Urban,0,60,5,70,42,4.4,5,4,32,4.28
S2,2025-02-03,2025Q1,Urban,0,60,5,78,35,5.5,4,1,26,4.1
S2,2025-02-10,2025Q1,Urban,0,60,5,90,40,5.9,1,3,30,3.92
S2,2025-02-17,2025Q1,Urban,0,60,5,85,35,8.0,1,2,38,3.74
S2,2025-02-24,2025Q1,Urban,0,60,5,91,39,6.0,6,3,25,3.96
S2,2025-03-03,2025Q1,Urban,0,60,5,58,36,7.2,4,8,26,3.74
S2,2025-03-10,2025Q1,Urban,0,60,5,68,33,5.7,3,2,23,3.96
S2,2025-03-17,2025Q1,Urban,0,60,5,78,31,5.4,4,3,39,4.1
S2,2025-03-24,2025Q1,Urban,0,60,5,73,32,6.1,10,4,28,4.02
S2,2025-03-31,2025Q1,Urban,0,60,5,69,608,5.6,7,4,24,4.34
S2,2025-04-07,2025Q2,Urban,0,59,6,74,35,5.6,6,3,35,4.08
S2,2025-04-14,2025Q2,Urban,0,59,6,86,28,5.1,7,6,34,4.18
S2,2025-04-21,2025Q2,Urban,0,59,6,64,31,6.4,8,2,21,3.98
S2,2025-04-28,2025Q2,Urban,0,59,6,79,32,6.3,3,3,27,3.88
S2,2025-05-05,2025Q2,Urban,0,59,6,74,31,5.2,6,5,20,4.08
S2,2025-05-12,2025Q2,Urban,0,59,6,84,34,6.0,8,4,37,4.17
S2,2025-05-19,2025Q2,Urban,0,59,6,71,35,4.5,6,2,25,4.17
S2,2025-05-26,2025Q2,Urban,0,59,6,78,34,6.2,3,3,30,3.91
S2,2025-06-02,2025Q2,Urban,0,59,6,98,34,6.4,7,2,30,4.02
S2,2025-06-09,2025Q2,Urban,0,59,6,83,32,5.3,8,2,32,4.07
S2,2025-06-16,2025Q2,Urban,0,59,6,90,33,4.9,5,6,38,4.11
S2,2025-06-23,2025Q2,Urban,0,59,6,83,31,3.4,5,6,28,4.17
S2,2025-06-30,2025Q2,Urban,0,59,6,75,541,5.3,7,4,23,4.16
S2,2025-07-07,2025Q3,Urban,0,60,5,68,32,6.4,6,7,26,4.12
S2,2025-07-14,2025Q3,Urban,0,60,5,75,33,5.6,5,3,30,4.1
S2,2025-07-21,2025Q3,Urban,0,60,5,83,32,5.0,5,1,32,4.21
S2,2025-07-28,2025Q3,Urban,0,60,5,88,34,5.5,4,3,28,4.06
S2,2025-08-04,2025Q3,Urban,0,60,5,76,34,5.9,7,4,23,4.04
S2,2025-08-11,2025Q3,Urban,0,60,5,73,38,5.5,10,5,22,4.07
S2,2025-08-18,2025Q3,Urban,0,60,5,79,37,4.5,5,10,24,4.2
S2,2025-08-25,2025Q3,Urban,0,60,5,71,31,6.6,9,2,26,3.85
S2,2025-09-01,2025Q3,Urban,0,60,5,55,29,6.7,6,4,21,3.8
S2,2025-09-08,2025Q3,Urban,0,60,5,87,42,4.1,6,4,34,4.23
S2,2025-09-15,2025Q3,Urban,0,60,5,68,31,5.5,11,2,22,3.86
S2,2025-09-22,2025Q3,Urban,0,60,5,72,31,4.3,10,1,27,3.85
S2,2025-09-29,2025Q3,Urban,0,60,5,69,551,6.0,1,2,15,3.87
S2,2025-10-06,2025Q4,Urban,0,60,5,83,32,5.7,6,3,20,4.26
S2,2025-10-13,2025Q4,Urban,0,60,5,89,26,5.4,9,6,28,3.77
S2,2025-10-20,2025Q4,Urban,0,60,5,63,29,4.1,4,1,23,4.09
S2,2025-10-27,2025Q4,Urban,0,60,5,65,34,5.9,5,4,19,4.08
S2,2025-11-03,2025Q4,Urban,0,60,5,62,38,6.0,7,1,13,3.9
S2,2025-11-10,2025Q4,Urban,0,60,5,76,31,5.7,4,2,29,4.13
S2,2025-11-17,2025Q4,Urban,0,60,5,79,29,4.8,6,3,20,3.98
S2,2025-11-24,2025Q4,Urban,0,60,5,71,24,5.2,5,3,21,4.18
S2,2025-12-01,2025Q4,Urban,0,60,5,79,32,5.7,5,5,33,3.93
S2,2025-12-08,2025Q4,Urban,0,60,5,94,35,7.9,6,5,28,3.87
S2,2025-12-15,2025Q4,Urban,0,60,5,81,37,8.3,5,4,36,3.58
S2,2025-12-22,2025Q4,Urban,0,60,5,89,518,5.7,11,2,35,3.97
S3,2024-01-01,2024Q1,Suburban,0,55,0,57,51,3.8,4,4,19,4.19
S3,2024-01-08,2024Q1,Suburban,0,55,0,59,53,5.2,5,4,20,4.09
S3,2024-01-15,2024Q1,Suburban,0,55,0,64,66,4.9,3,1,14,3.83
S3,2024-01-22,2024Q1,Suburban,0,55,0,60,67,4.4,6,3,18,3.95
S3,2024-01-29,2024Q1,Suburban,0,55,0,57,72,4.6,3,6,35,4.27
S3,2024-02-05,2024Q1,Suburban,0,55,0,62,65,3.7,4,2,27,4.37
S3,2024-02-12,2024Q1,Suburban,0,55,0,51,56,4.8,7,5,20,4.16
S3,2024-02-19,2024Q1,Suburban,0,55,0,57,61,3.4,6,4,22,4.21
S3,2024-02-26,2024Q1,Suburban,0,55,0,58,70,4.5,7,2,22,4.1
S3,2024-03-04,2024Q1,Suburban,0,55,0,49,66,3.1,1,8,14,4.46
S3,2024-03-11,2024Q1,Suburban,0,55,0,47,49,1.6,3,2,23,4.6
S3,2024-03-18,2024Q1,Suburban,0,55,0,59,59,3.2,6,4,31,4.24
S3,2024-03-25,2024Q1,Suburban,0,55,0,58,60,4.6,1,3,17,4.28
S3,2024-04-01,2024Q2,Suburban,0,53,2,43,59,4.8,4,6,12,4.12
S3,2024-04-08,2024Q2,Suburban,0,53,2,40,51,3.6,3,0,16,4.47
S3,2024-04-15,2024Q2,Suburban,0,53,2,40,55,2.8,4,0,15,4.39
S3,2024-04-22,2024Q2,Suburban,0,53,2,61,55,3.4,6,5,25,4.41
S3,2024-04-29,2024Q2,Suburban,0,53,2,60,58,2.2,7,3,18,4.42
S3,2024-05-06,2024Q2,Suburban,0,53,2,68,56,3.6,2,3,22,4.32
S3,2024-05-13,2024Q2,Suburban,0,53,2,74,61,3.6,9,2,22,4.16
S3,2024-05-20,2024Q2,Suburban,0,53,2,54,45,4.4,4,5,18,4.22
S3,2024-05-27,2024Q2,Suburban,0,53,2,63,62,4.0,2,1,20,4.17
S3,2024-06-03,2024Q2,Suburban,0,53,2,39,55,3.3,2,6,10,4.3
S3,2024-06-10,2024Q2,Suburban,0,53,2,61,51,1.8,4,4,29,4.53
S3,2024-06-17,2024Q2,Suburban,0,53,2,58,61,3.8,6,1,13,4.19
S3,2024-06-24,2024Q2,Suburban,0,53,2,58,38,3.2,8,4,21,4.42
S3,2024-07-01,2024Q3,Suburban,0,51,4,50,57,4.4,0,5,17,4.21
S3,2024-07-08,2024Q3,Suburban,0,51,4,69,50,3.5,5,2,21,4.22
S3,2024-07-15,2024Q3,Suburban,0,51,4,48,55,3.8,8,2,19,4.61
S3,2024-07-22,2024Q3,Suburban,0,51,4,52,58,3.2,3,1,10,4.36
S3,2024-07-29,2024Q3,Suburban,0,51,4,61,51,3.7,10,2,21,4.23
S3,2024-08-05,2024Q3,Suburban,0,51,4,65,60,3.7,6,0,22,4.2
S3,2024-08-12,2024Q3,Suburban,0,51,4,53,59,3.2,8,3,19,4.34
S3,2024-08-19,2024Q3,Suburban,0,51,4,53,49,4.6,10,4,16,4.13
S3,2024-08-26,2024Q3,Suburban,0,51,4,50,55,3.1,9,4,24,4.21
S3,2024-09-02,2024Q3,Suburban,0,51,4,47,60,3.1,5,4,11,4.52
S3,2024-09-09,2024Q3,Suburban,0,51,4,64,54,3.6,5,1,16,4.35
S3,2024-09-16,2024Q3,Suburban,0,51,4,48,48,3.7,4,3,21,4.2
S3,2024-09-23,2024Q3,Suburban,0,51,4,53,67,4.2,2,2,22,4.3
S3,2024-09-30,2024Q3,Suburban,0,51,4,65,50,2.9,7,1,22,4.21
S3,2024-10-07,2024Q4,Suburban,0,51,4,62,52,3.9,5,1,18,4.2
S3,2024-10-14,2024Q4,Suburban,0,51,4,56,56,4.7,2,3,16,4.02
S3,2024-10-21,2024Q4,Suburban,0,51,4,48,67,4.1,1,4,15,4.28
S3,2024-10-28,2024Q4,Suburban,0,51,4,61,58,4.4,8,5,26,3.96
S3,2024-11-04,2024Q4,Suburban,0,51,4,49,59,3.7,6,3,9,4.22
S3,2024-11-11,2024Q4,Suburban,0,51,4,61,69,4.0,6,3,18,4.14
S3,2024-11-18,2024Q4,Suburban,0,51,4,46,47,2.9,2,3,8,4.54
S3,2024-11-25,2024Q4,Suburban,0,51,4,56,60,3.6,3,6,15,4.14
S3,2024-12-02,2024Q4,Suburban,0,51,4,64,66,5.2,0,1,24,4.14
S3,2024-12-09,2024Q4,Suburban,0,51,4,70,74,5.3,3,3,25,4.04
S3,2024-12-16,2024Q4,Suburban,0,51,4,71,58,5.7,4,1,26,4.23
S3,2024-12-23,2024Q4,Suburban,0,51,4,61,56,4.6,3,3,26,4.25
S3,2024-12-30,2024Q4,Suburban,0,51,4,55,54,5.0,2,0,19,4.01
S3,2025-01-06,2025Q1,Suburban,0,53,2,71,59,5.1,7,4,23,3.98
S3,2025-01-13,2025Q1,Suburban,0,53,2,75,75,4.4,5,1,23,4.09
S3,2025-01-20,2025Q1,Suburban,0,53,2,59,67,3.3,5,4,20,4.17
S3,2025-01-27,2025Q1,Suburban,0,53,2,76,58,3.9,6,2,24,4.39
S3,2025-02-03,2025Q1,Suburban,0,53,2,64,73,3.4,5,3,20,4.29
S3,2025-02-10,2025Q1,Suburban,0,53,2,57,68,3.7,3,0,16,4.0
S3,2025-02-17,2025Q1,Suburban,0,53,2,62,69,5.0,5,0,26,4.06
S3,2025-02-24,2025Q1,Suburban,0,53,2,45,68,4.9,2,2,21,4.09
S3,2025-03-03,2025Q1,Suburban,0,53,2,48,57,2.9,3,4,25,4.31
S3,2025-03-10,2025Q1,Suburban,0,53,2,61,48,3.4,1,1,21,4.28
S3,2025-03-17,2025Q1,Suburban,0,53,2,52,59,4.5,5,2,9,4.14
S3,2025-03-24,2025Q1,Suburban,0,53,2,59,52,2.0,9,3,25,4.37
S3,2025-03-31,2025Q1,Suburban,0,53,2,52,70,3.3,5,8,21,4.06
S3,2025-04-07,2025Q2,Suburban,0,52,3,59,57,4.7,2,5,19,4.21
S3,2025-04-14,2025Q2,Suburban,0,52,3,44,39,4.0,8,0,19,4.18
S3,2025-04-21,2025Q2,Suburban,0,52,3,48,55,3.9,2,1,11,4.08
S3,2025-04-28,2025Q2,Suburban,0,52,3,53,52,2.8,3,1,23,4.32
S3,2025-05-05,2025Q2,Suburban,0,52,3,55,55,3.3,3,2,18,4.43
S3,2025-05-12,2025Q2,Suburban,0,52,3,48,48,3.2,6,3,23,4.31
S3,2025-05-19,2025Q2,Suburban,0,52,3,50,42,3.8,3,0,19,4.22
S3,2025-05-26,2025Q2,Suburban,0,52,3,48,50,3.2,3,1,18,4.33
S3,2025-06-02,2025Q2,Suburban,0,52,3,63,51,3.4,6,4,21,4.21
S3,2025-06-09,2025Q2,Suburban,0,52,3,46,56,4.4,3,1,17,4.33
S3,2025-06-16,2025Q2,Suburban,0,52,3,65,57,3.9,4,1,22,4.43
S3,2025-06-23,2025Q2,Suburban,0,52,3,53,66,3.5,3,2,18,4.46
S3,2025-06-30,2025Q2,Suburban,0,52,3,67,63,4.5,9,4,24,4.11
S3,2025-07-07,2025Q3,Suburban,0,52,3,57,46,4.2,9,1,23,4.25
S3,2025-07-14,2025Q3,Suburban,0,52,3,66,45,5.1,3,4,27,3.98
S3,2025-07-21,2025Q3,Suburban,0,52,3,59,68,3.5,6,3,21,4.36
S3,2025-07-28,2025Q3,Suburban,0,52,3,48,60,3.2,4,3,18,4.34
S3,2025-08-04,2025Q3,Suburban,0,52,3,42,60,4.0,3,1,15,3.98
S3,2025-08-11,2025Q3,Suburban,0,52,3,59,52,3.1,6,3,25,4.34
S3,2025-08-18,2025Q3,Suburban,0,52,3,52,43,2.7,4,2,22,4.29
S3,2025-08-25,2025Q3,Suburban,0,52,3,53,66,3.4,3,4,21,4.12
S3,2025-09-01,2025Q3,Suburban,0,52,3,57,63,4.4,6,3,19,4.07
S3,2025-09-08,2025Q3,Suburban,0,52,3,45,66,5.0,3,5,20,4.13
S3,2025-09-15,2025Q3,Suburban,0,52,3,55,64,2.6,7,7,20,4.22
S3,2025-09-22,2025Q3,Suburban,0,52,3,60,55,3.9,4,4,22,4.18
S3,2025-09-29,2025Q3,Suburban,0,52,3,55,60,4.7,9,3,21,4.15
S3,2025-10-06,2025Q4,Suburban,0,51,4,56,54,4.6,1,1,13,4.08
S3,2025-10-13,2025Q4,Suburban,0,51,4,49,53,3.8,1,2,16,4.0
S3,2025-10-20,2025Q4,Suburban,0,51,4,60,55,5.1,5,1,25,3.95
S3,2025-10-27,2025Q4,Suburban,0,51,4,66,52,3.9,4,3,24,4.2
S3,2025-11-03,2025Q4,Suburban,0,51,4,41,40,2.5,4,1,20,4.42
S3,2025-11-10,2025Q4,Suburban,0,51,4,50,58,4.6,2,2,21,4.08
S3,2025-11-17,2025Q4,Suburban,0,51,4,56,52,4.1,5,1,22,4.11
S3,2025-11-24,2025Q4,Suburban,0,51,4,48,49,4.8,5,4,17,3.99
S3,2025-12-01,2025Q4,Suburban,0,51,4,60,56,5.4,5,2,24,3.91
S3,2025-12-08,2025Q4,Suburban,0,51,4,64,50,6.4,5,3,29,3.83
S3,2025-12-15,2025Q4,Suburban,0,51,4,65,75,6.4,9,3,17,4.0
S3,2025-12-22,2025Q4,Suburban,0,51,4,58,58,4.6,6,3,16,4.22
S4,2024-01-01,2024Q1,Suburban,0,50,0,62,73,3.7,6,3,18,4.33
S4,2024-01-08,2024Q1,Suburban,0,50,0,41,69,5.6,3,2,18,4.21
S4,2024-01-15,2024Q1,Suburban,0,50,0,69,54,5.3,5,4,21,4.04
S4,2024-01-22,2024Q1,Suburban,0,50,0,54,64,4.4,2,0,19,4.04
S4,2024-01-29,2024Q1,Suburban,0,50,0,58,52,4.1,1,5,18,4.24
S4,2024-02-05,2024Q1,Suburban,0,50,0,61,52,4.1,3,2,18,4.19
S4,2024-02-12,2024Q1,Suburban,0,50,0,57,52,5.3,7,5,26,4.21
S4,2024-02-19,2024Q1,Suburban,0,50,0,53,50,3.8,4,5,18,4.08
S4,2024-02-26,2024Q1,Suburban,0,50,0,61,60,4.1,7,4,21,4.07
S4,2024-03-04,2024Q1,Suburban,0,50,0,45,42,4.7,3,4,21,4.2
S4,2024-03-11,2024Q1,Suburban,0,50,0,51,59,2.9,3,4,14,4.34
S4,2024-03-18,2024Q1,Suburban,0,50,0,42,41,4.2,4,3,27,4.25
S4,2024-03-25,2024Q1,Suburban,0,50,0,52,47,3.0,8,2,14,4.42
S4,2024-04-01,2024Q2,Suburban,0,47,3,55,44,3.6,6,2,23,4.4
S4,2024-04-08,2024Q2,Suburban,0,47,3,54,39,3.7,3,2,19,4.29
S4,2024-04-15,2024Q2,Suburban,0,47,3,59,48,4.3,2,0,20,4.38
S4,2024-04-22,2024Q2,Suburban,0,47,3,45,55,3.6,9,1,18,4.07
S4,2024-04-29,2024Q2,Suburban,0,47,3,52,43,2.2,4,1,19,4.51
S4,2024-05-06,2024Q2,Suburban,0,47,3,49,50,4.1,4,2,17,4.17
S4,2024-05-13,2024Q2,Suburban,0,47,3,52,51,4.2,5,1,15,4.3
S4,2024-05-20,2024Q2,Suburban,0,47,3,51,43,4.0,4,3,15,3.98
S4,2024-05-27,2024Q2,Suburban,0,47,3,55,56,3.4,5,5,31,4.32
S4,2024-06-03,2024Q2,Suburban,0,47,3,48,48,3.7,4,2,18,4.23
S4,2024-06-10,2024Q2,Suburban,0,47,3,49,50,3.5,2,1,14,4.43
S4,2024-06-17,2024Q2,Suburban,0,47,3,47,62,5.5,7,4,12,4.05
S4,2024-06-24,2024Q2,Suburban,0,47,3,50,41,3.4,1,3,26,4.15
S4,2024-07-01,2024Q3,Suburban,0,49,1,47,65,3.1,4,2,10,4.1
S4,2024-07-08,2024Q3,Suburban,0,49,1,59,46,3.1,1,3,18,4.05
S4,2024-07-15,2024Q3,Suburban,0,49,1,51,60,4.6,5,2,18,4.0
S4,2024-07-22,2024Q3,Suburban,0,49,1,39,38,3.1,5,3,11,4.42
S4,2024-07-29,2024Q3,Suburban,0,49,1,57,46,5.1,2,3,18,4.07
S4,2024-08-05,2024Q3,Suburban,0,49,1,54,55,3.5,6,7,18,4.32
S4,2024-08-12,2024Q3,Suburban,0,49,1,49,45,3.1,2,2,13,4.33
S4,2024-08-19,2024Q3,Suburban,0,49,1,49,45,3.0,2,3,19,4.29
S4,2024-08-26,2024Q3,Suburban,0,49,1,44,43,3.9,2,2,14,4.21
S4,2024-09-02,2024Q3,Suburban,0,49,1,66,62,2.7,2,3,23,4.44
S4,2024-09-09,2024Q3,Suburban,0,49,1,62,55,3.1,3,8,19,4.09
S4,2024-09-16,2024Q3,Suburban,0,49,1,60,56,2.8,1,1,26,4.22
S4,2024-09-23,2024Q3,Suburban,0,49,1,39,50,3.2,1,1,22,4.34
S4,2024-09-30,2024Q3,Suburban,0,49,1,52,47,4.0,6,2,20,4.32
S4,2024-10-07,2024Q4,Suburban,0,49,1,64,45,3.5,2,3,26,4.01
S4,2024-10-14,2024Q4,Suburban,0,49,1,52,51,2.3,2,2,17,4.19
S4,2024-10-21,2024Q4,Suburban,0,49,1,43,58,3.4,2,2,22,4.35
S4,2024-10-28,2024Q4,Suburban,0,49,1,63,55,3.4,2,0,24,4.25
S4,2024-11-04,2024Q4,Suburban,0,49,1,44,40,1.6,4,3,18,4.59
S4,2024-11-11,2024Q4,Suburban,0,49,1,44,61,4.0,4,1,10,4.22
S4,2024-11-18,2024Q4,Suburban,0,49,1,59,54,3.4,3,7,22,4.36
S4,2024-11-25,2024Q4,Suburban,0,49,1,54,43,3.1,2,3,19,4.1
S4,2024-12-02,2024Q4,Suburban,0,49,1,53,75,4.7,2,2,20,4.18
S4,2024-12-09,2024Q4,Suburban,0,49,1,56,56,4.5,6,2,20,4.0
S4,2024-12-16,2024Q4,Suburban,0,49,1,74,49,4.8,1,5,27,4.24
S4,2024-12-23,2024Q4,Suburban,0,49,1,48,57,4.8,6,3,17,4.05
S4,2024-12-30,2024Q4,Suburban,0,49,1,47,53,3.5,6,2,16,4.22
S4,2025-01-06,2025Q1,Suburban,1,49,1,55,61,5.7,4,0,20,3.96
S4,2025-01-13,2025Q1,Suburban,1,49,1,57,59,5.0,3,1,17,4.1
S4,2025-01-20,2025Q1,Suburban,1,49,1,59,63,4.2,6,2,26,4.25
S4,2025-01-27,2025Q1,Suburban,1,49,1,48,53,3.7,3,3,22,4.28
S4,2025-02-03,2025Q1,Suburban,1,49,1,67,58,3.3,7,2,27,4.17
S4,2025-02-10,2025Q1,Suburban,1,49,1,52,65,5.3,5,3,23,4.28
S4,2025-02-17,2025Q1,Suburban,1,49,1,60,56,3.7,3,3,26,4.29
S4,2025-02-24,2025Q1,Suburban,1,49,1,66,48,4.0,4,1,25,4.13
S4,2025-03-03,2025Q1,Suburban,1,49,1,44,48,3.8,1,2,14,4.27
S4,2025-03-10,2025Q1,Suburban,1,49,1,42,46,2.8,2,3,13,4.38
S4,2025-03-17,2025Q1,Suburban,1,49,1,44,42,4.3,4,0,15,4.29
S4,2025-03-24,2025Q1,Suburban,1,49,1,53,51,3.1,4,0,13,4.1
S4,2025-03-31,2025Q1,Suburban,1,49,1,48,51,3.1,3,4,12,4.2
S4,2025-04-07,2025Q2,Suburban,1,50,0,57,69,2.9,4,3,20,4.47
S4,2025-04-14,2025Q2,Suburban,1,50,0,45,45,2.9,4,3,17,4.38
S4,2025-04-21,2025Q2,Suburban,1,50,0,45,42,2.1,4,2,14,4.44
S4,2025-04-28,2025Q2,Suburban,1,50,0,32,54,5.3,4,3,9,3.97
S4,2025-05-05,2025Q2,Suburban,1,50,0,64,54,1.6,6,1,31,4.58
S4,2025-05-12,2025Q2,Suburban,1,50,0,52,48,2.0,4,3,17,4.41
S4,2025-05-19,2025Q2,Suburban,1,50,0,46,44,3.9,1,2,14,4.23
S4,2025-05-26,2025Q2,Suburban,1,50,0,43,43,3.2,2,4,19,4.14
S4,2025-06-02,2025Q2,Suburban,1,50,0,52,40,3.4,4,0,14,4.37
S4,2025-06-09,2025Q2,Suburban,1,50,0,48,53,4.9,3,1,16,4.22
S4,2025-06-16,2025Q2,Suburban,1,50,0,55,51,4.2,2,1,16,4.04
S4,2025-06-23,2025Q2,Suburban,1,50,0,49,39,2.3,1,2,17,4.48
S4,2025-06-30,2025Q2,Suburban,1,50,0,48,54,3.0,1,1,14,4.35
S4,2025-07-07,2025Q3,Suburban,1,49,1,57,54,2.5,4,4,17,4.44
S4,2025-07-14,2025Q3,Suburban,1,49,1,57,46,3.7,1,2,21,4.09
S4,2025-07-21,2025Q3,Suburban,1,49,1,67,53,3.2,2,4,19,4.48
S4,2025-07-28,2025Q3,Suburban,1,49,1,54,64,4.1,3,4,21,4.28
S4,2025-08-04,2025Q3,Suburban,1,49,1,40,45,2.6,2,2,16,4.45
S4,2025-08-11,2025Q3,Suburban,1,49,1,51,49,3.0,5,3,25,4.32
S4,2025-08-18,2025Q3,Suburban,1,49,1,53,43,3.9,3,2,20,4.28
S4,2025-08-25,2025Q3,Suburban,1,49,1,55,56,3.4,5,2,20,4.3
S4,2025-09-01,2025Q3,Suburban,1,49,1,50,60,3.3,3,4,21,4.42
S4,2025-09-08,2025Q3,Suburban,1,49,1,49,48,3.0,3,1,14,4.41
S4,2025-09-15,2025Q3,Suburban,1,49,1,55,52,4.0,5,1,21,4.3
S4,2025-09-22,2025Q3,Suburban,1,49,1,54,61,2.5,7,3,18,4.22
S4,2025-09-29,2025Q3,Suburban,1,49,1,53,47,4.0,5,1,21,4.31
S4,2025-10-06,2025Q4,Suburban,1,48,2,53,51,4.7,3,2,27,3.98
S4,2025-10-13,2025Q4,Suburban,1,48,2,44,44,2.3,6,3,13,4.64
S4,2025-10-20,2025Q4,Suburban,1,48,2,34,60,3.1,4,0,7,4.36
S4,2025-10-27,2025Q4,Suburban,1,48,2,54,70,4.7,4,1,15,4.21
S4,2025-11-03,2025Q4,Suburban,1,48,2,55,48,2.8,5,2,16,4.36
S4,2025-11-10,2025Q4,Suburban,1,48,2,48,46,4.0,3,2,10,4.33
S4,2025-11-17,2025Q4,Suburban,1,48,2,44,55,3.5,5,3,21,4.29
S4,2025-11-24,2025Q4,Suburban,1,48,2,47,46,4.2,7,1,13,4.19
S4,2025-12-01,2025Q4,Suburban,1,48,2,54,56,3.8,5,4,21,4.44
S4,2025-12-08,2025Q4,Suburban,1,48,2,45,50,5.2,3,1,10,4.02
S4,2025-12-15,2025Q4,Suburban,1,48,2,58,51,4.8,1,3,22,4.35
S4,2025-12-22,2025Q4,Suburban,1,48,2,67,48,5.5,4,2,25,3.94
S5,2024-01-01,2024Q1,Suburban,0,50,0,70,59,3.6,5,2,29,4.03
S5,2024-01-08,2024Q1,Suburban,0,50,0,60,70,4.3,3,3,23,4.07
S5,2024-01-15,2024Q1,Suburban,0,50,0,53,57,5.1,6,0,22,4.2
S5,2024-01-22,2024Q1,Suburban,0,50,0,55,51,4.2,1,0,17,4.16
S5,2024-01-29,2024Q1,Suburban,0,50,0,46,65,5.0,7,0,14,4.02
S5,2024-02-05,2024Q1,Suburban,0,50,0,56,49,4.4,2,4,18,3.93
S5,2024-02-12,2024Q1,Suburban,0,50,0,54,65,5.4,5,2,24,4.09
S5,2024-02-19,2024Q1,Suburban,0,50,0,46,58,3.4,3,4,15,4.16
S5,2024-02-26,2024Q1,Suburban,0,50,0,61,57,4.6,3,4,18,4.04
S5,2024-03-04,2024Q1,Suburban,0,50,0,41,65,2.9,3,6,19,4.38
S5,2024-03-11,2024Q1,Suburban,0,50,0,51,65,3.6,6,4,15,4.33
S5,2024-03-18,2024Q1,Suburban,0,50,0,56,37,3.0,5,3,17,4.46
S5,2024-03-25,2024Q1,Suburban,0,50,0,46,43,2.7,0,4,12,4.36
S5,2024-04-01,2024Q2,Suburban,0,46,4,46,60,2.3,2,2,18,4.53
S5,2024-04-08,2024Q2,Suburban,0,46,4,43,44,4.2,1,3,10,4.1
S5,2024-04-15,2024Q2,Suburban,0,46,4,38,68,3.9,0,3,17,4.39
S5,2024-04-22,2024Q2,Suburban,0,46,4,47,49,4.5,2,3,16,4.25
S5,2024-04-29,2024Q2,Suburban,0,46,4,50,47,3.0,1,6,10,4.58
S5,2024-05-06,2024Q2,Suburban,0,46,4,41,54,4.1,2,3,18,4.05
S5,2024-05-13,2024Q2,Suburban,0,46,4,50,40,4.2,4,3,20,3.89
S5,2024-05-20,2024Q2,Suburban,0,46,4,49,56,4.4,5,3,17,4.08
S5,2024-05-27,2024Q2,Suburban,0,46,4,45,53,4.8,3,2,11,4.2
S5,2024-06-03,2024Q2,Suburban,0,46,4,52,45,3.2,3,3,18,4.16
S5,2024-06-10,2024Q2,Suburban,0,46,4,48,54,5.5,7,1,14,4.11
S5,2024-06-17,2024Q2,Suburban,0,46,4,38,46,3.7,8,5,17,4.28
S5,2024-06-24,2024Q2,Suburban,0,46,4,47,51,3.6,3,0,21,4.26
S5,2024-07-01,2024Q3,Suburban,0,45,5,61,40,3.8,5,1,30,4.26
S5,2024-07-08,2024Q3,Suburban,0,45,5,35,50,3.5,3,6,10,4.22
S5,2024-07-15,2024Q3,Suburban,0,45,5,43,45,6.1,6,4,12,4.08
S5,2024-07-22,2024Q3,Suburban,0,45,5,58,49,4.6,3,2,22,4.13
S5,2024-07-29,2024Q3,Suburban,0,45,5,47,48,4.7,6,3,16,4.15
S5,2024-08-05,2024Q3,Suburban,0,45,5,53,46,3.8,5,4,17,4.25
S5,2024-08-12,2024Q3,Suburban,0,45,5,37,47,4.1,6,2,18,4.02
S5,2024-08-19,2024Q3,Suburban,0,45,5,51,38,2.7,2,1,18,4.37
S5,2024-08-26,2024Q3,Suburban,0,45,5,53,42,5.6,4,2,15,4.1
S5,2024-09-02,2024Q3,Suburban,0,45,5,48,51,3.6,4,0,20,4.19
S5,2024-09-09,2024Q3,Suburban,0,45,5,48,55,4.3,2,1,15,4.17
S5,2024-09-16,2024Q3,Suburban,0,45,5,52,43,4.3,2,3,22,4.25
S5,2024-09-23,2024Q3,Suburban,0,45,5,48,51,4.1,4,1,22,4.27
S5,2024-09-30,2024Q3,Suburban,0,45,5,45,36,5.8,2,3,16,4.04
S5,2024-10-07,2024Q4,Suburban,0,44,6,42,41,4.6,7,2,17,4.05
S5,2024-10-14,2024Q4,Suburban,0,44,6,43,41,4.0,3,5,11,4.58
S5,2024-10-21,2024Q4,Suburban,0,44,6,52,45,3.4,5,3,20,4.33
S5,2024-10-28,2024Q4,Suburban,0,44,6,44,51,4.0,6,1,20,4.22
S5,2024-11-04,2024Q4,Suburban,0,44,6,52,44,5.2,3,2,12,4.26
S5,2024-11-11,2024Q4,Suburban,0,44,6,53,56,4.1,2,6,18,4.29
S5,2024-11-18,2024Q4,Suburban,0,44,6,53,45,3.3,9,1,16,4.33
S5,2024-11-25,2024Q4,Suburban,0,44,6,41,49,4.7,4,3,13,4.21
S5,2024-12-02,2024Q4,Suburban,0,44,6,54,45,5.4,8,5,14,4.19
S5,2024-12-09,2024Q4,Suburban,0,44,6,53,54,6.3,7,3,17,3.85
S5,2024-12-16,2024Q4,Suburban,0,44,6,49,48,5.2,7,1,20,4.0
S5,2024-12-23,2024Q4,Suburban,0,44,6,73,49,5.6,5,6,24,3.83
S5,2024-12-30,2024Q4,Suburban,0,44,6,56,40,5.7,2,2,14,3.91
S5,2025-01-06,2025Q1,Suburban,0,46,4,61,55,4.6,5,3,19,3.82
S5,2025-01-13,2025Q1,Suburban,0,46,4,57,61,3.2,5,5,18,4.38
S5,2025-01-20,2025Q1,Suburban,0,46,4,49,50,5.3,6,1,7,4.05
S5,2025-01-27,2025Q1,Suburban,0,46,4,66,53,4.1,7,1,25,4.21
S5,2025-02-03,2025Q1,Suburban,0,46,4,49,68,4.4,3,3,12,4.08
S5,2025-02-10,2025Q1,Suburban,0,46,4,54,50,5.7,3,1,23,4.11
S5,2025-02-17,2025Q1,Suburban,0,46,4,57,63,5.5,4,3,19,4.1
S5,2025-02-24,2025Q1,Suburban,0,46,4,43,63,5.9,2,3,7,4.0
S5,2025-03-03,2025Q1,Suburban,0,46,4,58,31,4.2,5,3,18,4.06
S5,2025-03-10,2025Q1,Suburban,0,46,4,50,52,3.1,5,2,22,4.26
S5,2025-03-17,2025Q1,Suburban,0,46,4,62,56,3.5,2,5,11,4.11
S5,2025-03-24,2025Q1,Suburban,0,46,4,49,60,3.4,1,2,15,4.27
S5,2025-03-31,2025Q1,Suburban,0,46,4,40,39,4.5,3,3,8,3.93
S5,2025-04-07,2025Q2,Suburban,0,47,3,44,51,3.0,10,0,17,4.33
S5,2025-04-14,2025Q2,Suburban,0,47,3,53,41,3.6,4,3,20,4.24
S5,2025-04-21,2025Q2,Suburban,0,47,3,46,56,4.5,6,1,11,4.2
S5,2025-04-28,2025Q2,Suburban,0,47,3,45,45,3.8,2,5,10,4.43
S5,2025-05-05,2025Q2,Suburban,0,47,3,58,56,3.5,5,2,25,4.49
S5,2025-05-12,2025Q2,Suburban,0,47,3,47,52,3.0,2,1,22,4.35
S5,2025-05-19,2025Q2,Suburban,0,47,3,62,45,4.2,2,1,20,3.96
S5,2025-05-26,2025Q2,Suburban,0,47,3,54,52,3.9,6,1,18,4.28
S5,2025-06-02,2025Q2,Suburban,0,47,3,46,34,4.3,2,4,14,4.24
S5,2025-06-09,2025Q2,Suburban,0,47,3,53,53,3.2,1,4,17,4.29
S5,2025-06-16,2025Q2,Suburban,0,47,3,41,53,4.2,3,4,12,4.3
S5,2025-06-23,2025Q2,Suburban,0,47,3,42,49,3.7,4,4,17,4.31
S5,2025-06-30,2025Q2,Suburban,0,47,3,56,44,3.1,2,7,15,4.26
S5,2025-07-07,2025Q3,Suburban,0,46,4,48,46,4.5,3,4,16,4.11
S5,2025-07-14,2025Q3,Suburban,0,46,4,41,57,4.6,4,1,9,3.97
S5,2025-07-21,2025Q3,Suburban,0,46,4,57,53,4.7,5,2,16,4.13
S5,2025-07-28,2025Q3,Suburban,0,46,4,48,48,5.5,7,3,17,4.06
S5,2025-08-04,2025Q3,Suburban,0,46,4,48,57,3.6,1,3,18,4.49
S5,2025-08-11,2025Q3,Suburban,0,46,4,57,56,3.4,3,1,16,4.26
S5,2025-08-18,2025Q3,Suburban,0,46,4,56,56,3.2,2,5,28,4.31
S5,2025-08-25,2025Q3,Suburban,0,46,4,48,57,2.4,6,1,24,4.36
S5,2025-09-01,2025Q3,Suburban,0,46,4,52,52,3.2,2,1,20,4.47
S5,2025-09-08,2025Q3,Suburban,0,46,4,73,52,4.3,3,6,25,4.2
S5,2025-09-15,2025Q3,Suburban,0,46,4,42,43,3.6,3,2,18,4.3
S5,2025-09-22,2025Q3,Suburban,0,46,4,50,47,3.9,7,1,15,3.98
S5,2025-09-29,2025Q3,Suburban,0,46,4,48,41,4.0,6,3,14,4.09
S5,2025-10-06,2025Q4,Suburban,0,44,6,47,49,4.9,5,4,13,4.16
S5,2025-10-13,2025Q4,Suburban,0,44,6,35,52,3.6,5,1,7,4.34
S5,2025-10-20,2025Q4,Suburban,0,44,6,61,53,4.6,3,3,17,4.24
S5,2025-10-27,2025Q4,Suburban,0,44,6,50,37,3.8,3,3,15,4.16
S5,2025-11-03,2025Q4,Suburban,0,44,6,47,45,2.7,6,4,18,4.47
S5,2025-11-10,2025Q4,Suburban,0,44,6,55,45,4.1,1,2,23,4.4
S5,2025-11-17,2025Q4,Suburban,0,44,6,42,48,5.3,5,2,19,4.22
S5,2025-11-24,2025Q4,Suburban,0,44,6,40,60,4.9,4,4,13,3.94
S5,2025-12-01,2025Q4,Suburban,0,44,6,65,50,5.1,1,0,24,4.16
S5,2025-12-08,2025Q4,Suburban,0,44,6,44,53,6.1,3,5,14,3.93
S5,2025-12-15,2025Q4,Suburban,0,44,6,43,37,5.8,9,3,23,3.89
S5,2025-12-22,2025Q4,Suburban,0,44,6,57,43,5.2,5,3,23,4.08
S6,2024-01-01,2024Q1,Rural,0,45,0,46,50,4.2,3,1,5,4.05
S6,2024-01-08,2024Q1,Rural,0,45,0,34,53,4.7,4,1,9,4.18
S6,2024-01-15,2024Q1,Rural,0,45,0,48,42,3.2,5,5,17,4.16
S6,2024-01-22,2024Q1,Rural,0,45,0,37,42,4.3,3,1,10,4.01
S6,2024-01-29,2024Q1,Rural,0,45,0,40,39,4.2,0,1,10,4.03
S6,2024-02-05,2024Q1,Rural,0,45,0,53,44,4.8,1,0,22,3.94
S6,2024-02-12,2024Q1,Rural,0,45,0,39,41,5.6,1,3,14,4.11
S6,2024-02-19,2024Q1,Rural,0,45,0,51,57,5.5,4,4,11,3.88
S6,2024-02-26,2024Q1,Rural,0,45,0,48,49,4.5,7,4,15,4.15
S6,2024-03-04,2024Q1,Rural,0,45,0,28,47,4.7,3,1,11,4.13
S6,2024-03-11,2024Q1,Rural,0,45,0,52,48,4.0,5,5,16,4.22
S6,2024-03-18,2024Q1,Rural,0,45,0,35,51,4.1,2,2,12,4.02
S6,2024-03-25,2024Q1,Rural,0,45,0,40,39,4.3,1,2,9,4.25
S6,2024-04-01,2024Q2,Rural,0,44,1,37,33,4.5,3,2,12,4.1
S6,2024-04-08,2024Q2,Rural,0,44,1,48,34,4.1,5,2,15,4.3
S6,2024-04-15,2024Q2,Rural,0,44,1,43,39,4.6,2,3,12,4.16
S6,2024-04-22,2024Q2,Rural,0,44,1,34,43,5.6,4,4,12,4.12
S6,2024-04-29,2024Q2,Rural,0,44,1,46,51,3.3,0,3,19,4.45
S6,2024-05-06,2024Q2,Rural,0,44,1,52,37,3.9,7,5,14,4.25
S6,2024-05-13,2024Q2,Rural,0,44,1,37,45,5.1,4,0,11,4.16
S6,2024-05-20,2024Q2,Rural,0,44,1,34,49,5.0,3,4,7,4.03
S6,2024-05-27,2024Q2,Rural,0,44,1,30,52,5.0,7,3,8,3.89
S6,2024-06-03,2024Q2,Rural,0,44,1,32,41,5.3,2,0,10,3.94
S6,2024-06-10,2024Q2,Rural,0,44,1,38,35,4.3,5,5,13,4.12
S6,2024-06-17,2024Q2,Rural,0,44,1,50,45,5.1,2,4,13,4.28
S6,2024-06-24,2024Q2,Rural,0,44,1,31,36,5.2,4,0,4,3.81
S6,2024-07-01,2024Q3,Rural,0,41,4,39,45,4.9,2,5,15,3.98
S6,2024-07-08,2024Q3,Rural,0,41,4,50,35,5.2,2,4,17,3.88
S6,2024-07-15,2024Q3,Rural,0,41,4,47,54,4.1,5,2,20,4.12
S6,2024-07-22,2024Q3,Rural,0,41,4,45,47,4.8,5,0,18,4.29
S6,2024-07-29,2024Q3,Rural,0,41,4,40,43,5.3,4,1,10,3.98
S6,2024-08-05,2024Q3,Rural,0,41,4,44,37,5.4,6,3,13,4.03
S6,2024-08-12,2024Q3,Rural,0,41,4,37,38,5.1,4,3,14,4.07
S6,2024-08-19,2024Q3,Rural,0,41,4,45,43,3.0,4,1,19,4.57
S6,2024-08-26,2024Q3,Rural,0,41,4,39,44,4.6,4,0,5,4.22
S6,2024-09-02,2024Q3,Rural,0,41,4,49,42,4.2,4,0,19,4.16
S6,2024-09-09,2024Q3,Rural,0,41,4,48,41,3.3,0,3,13,4.58
S6,2024-09-16,2024Q3,Rural,0,41,4,32,40,5.0,4,3,14,3.95
S6,2024-09-23,2024Q3,Rural,0,41,4,39,45,5.0,6,2,13,3.87
S6,2024-09-30,2024Q3,Rural,0,41,4,33,36,3.9,3,6,15,4.13
S6,2024-10-07,2024Q4,Rural,0,43,2,44,43,5.0,5,2,17,3.95
S6,2024-10-14,2024Q4,Rural,0,43,2,46,49,3.3,3,3,15,4.49
S6,2024-10-21,2024Q4,Rural,0,43,2,42,42,5.5,2,3,14,4.03
S6,2024-10-28,2024Q4,Rural,0,43,2,36,35,6.4,4,2,13,4.17
S6,2024-11-04,2024Q4,Rural,0,43,2,46,36,4.6,1,0,11,4.2
S6,2024-11-11,2024Q4,Rural,0,43,2,50,50,5.6,3,3,16,3.87
S6,2024-11-18,2024Q4,Rural,0,43,2,41,41,4.9,1,2,15,4.35
S6,2024-11-25,2024Q4,Rural,0,43,2,26,50,4.2,4,1,8,4.22
S6,2024-12-02,2024Q4,Rural,0,43,2,48,64,5.0,4,1,13,4.09
S6,2024-12-09,2024Q4,Rural,0,43,2,43,41,3.7,4,3,14,4.22
S6,2024-12-16,2024Q4,Rural,0,43,2,42,41,4.8,5,1,17,4.08
S6,2024-12-23,2024Q4,Rural,0,43,2,51,53,6.1,3,0,19,3.84
S6,2024-12-30,2024Q4,Rural,0,43,2,50,44,6.1,3,0,22,3.81
S6,2025-01-06,2025Q1,Rural,0,44,1,39,46,5.8,3,1,14,3.78
S6,2025-01-13,2025Q1,Rural,0,44,1,54,55,5.2,4,4,15,4.29
S6,2025-01-20,2025Q1,Rural,0,44,1,56,54,3.6,4,1,17,4.17
S6,2025-01-27,2025Q1,Rural,0,44,1,43,32,4.6,4,1,9,4.17
S6,2025-02-03,2025Q1,Rural,0,44,1,34,53,5.4,1,2,14,4.29
S6,2025-02-10,2025Q1,Rural,0,44,1,46,44,6.2,5,2,19,4.01
S6,2025-02-17,2025Q1,Rural,0,44,1,47,34,4.7,6,6,15,4.19
S6,2025-02-24,2025Q1,Rural,0,44,1,45,45,4.7,7,1,12,4.16
S6,2025-03-03,2025Q1,Rural,0,44,1,45,42,5.2,3,3,20,4.01
S6,2025-03-10,2025Q1,Rural,0,44,1,52,46,3.4,2,5,16,4.24
S6,2025-03-17,2025Q1,Rural,0,44,1,37,47,4.0,2,3,15,4.19
S6,2025-03-24,2025Q1,Rural,0,44,1,32,47,5.1,2,1,11,3.78
S6,2025-03-31,2025Q1,Rural,0,44,1,46,35,7.0,4,2,20,3.84
S6,2025-04-07,2025Q2,Rural,0,43,2,42,34,6.9,3,3,19,3.94
S6,2025-04-14,2025Q2,Rural,0,43,2,45,40,5.2,0,3,12,4.18
S6,2025-04-21,2025Q2,Rural,0,43,2,54,33,4.5,6,3,10,4.34
S6,2025-04-28,2025Q2,Rural,0,43,2,50,47,4.2,2,0,15,4.22
S6,2025-05-05,2025Q2,Rural,0,43,2,40,42,5.0,4,1,17,4.01
S6,2025-05-12,2025Q2,Rural,0,43,2,30,36,4.8,3,1,9,4.07
S6,2025-05-19,2025Q2,Rural,0,43,2,38,38,4.0,2,4,11,4.44
S6,2025-05-26,2025Q2,Rural,0,43,2,32,55,4.7,2,2,8,3.96
S6,2025-06-02,2025Q2,Rural,0,43,2,40,43,3.5,3,3,9,4.38
S6,2025-06-09,2025Q2,Rural,0,43,2,48,31,3.9,6,2,16,4.33
S6,2025-06-16,2025Q2,Rural,0,43,2,46,37,3.6,1,1,15,4.21
S6,2025-06-23,2025Q2,Rural,0,43,2,49,40,4.4,3,2,19,4.34
S6,2025-06-30,2025Q2,Rural,0,43,2,36,32,6.4,3,2,3,4.1
S6,2025-07-07,2025Q3,Rural,0,42,3,49,42,4.5,3,3,13,4.0
S6,2025-07-14,2025Q3,Rural,0,42,3,38,30,4.4,4,0,19,4.34
S6,2025-07-21,2025Q3,Rural,0,42,3,36,33,4.7,3,1,17,3.92
S6,2025-07-28,2025Q3,Rural,0,42,3,34,36,4.7,2,2,10,4.17
S6,2025-08-04,2025Q3,Rural,0,42,3,39,43,4.9,2,0,13,4.12
S6,2025-08-11,2025Q3,Rural,0,42,3,46,61,4.6,2,3,14,4.12
S6,2025-08-18,2025Q3,Rural,0,42,3,38,41,4.6,4,2,13,4.12
S6,2025-08-25,2025Q3,Rural,0,42,3,42,28,3.9,2,1,21,4.26
S6,2025-09-01,2025Q3,Rural,0,42,3,59,44,3.7,5,1,12,4.26
S6,2025-09-08,2025Q3,Rural,0,42,3,34,38,4.6,2,1,17,4.14
S6,2025-09-15,2025Q3,Rural,0,42,3,35,34,4.9,8,3,14,3.87
S6,2025-09-22,2025Q3,Rural,0,42,3,40,38,2.9,5,0,17,4.38
S6,2025-09-29,2025Q3,Rural,0,42,3,43,36,3.5,3,9,12,4.3
S6,2025-10-06,2025Q4,Rural,0,44,1,43,36,5.3,5,1,19,4.13
S6,2025-10-13,2025Q4,Rural,0,44,1,48,40,4.2,5,6,15,4.12
S6,2025-10-20,2025Q4,Rural,0,44,1,45,37,4.8,1,1,18,4.0
S6,2025-10-27,2025Q4,Rural,0,44,1,38,42,4.1,3,2,8,4.27
S6,2025-11-03,2025Q4,Rural,0,44,1,27,44,5.5,3,4,9,4.07
S6,2025-11-10,2025Q4,Rural,0,44,1,41,41,3.6,4,4,14,4.18
S6,2025-11-17,2025Q4,Rural,0,44,1,36,41,3.3,1,0,9,4.23
S6,2025-11-24,2025Q4,Rural,0,44,1,31,38,5.5,5,5,10,3.96
S6,2025-12-01,2025Q4,Rural,0,44,1,49,55,4.7,2,4,22,4.13
S6,2025-12-08,2025Q4,Rural,0,44,1,36,42,4.9,5,2,13,3.96
S6,2025-12-15,2025Q4,Rural,0,44,1,49,53,6.3,1,2,15,3.95
S6,2025-12-22,2025Q4,Rural,0,44,1,51,50,6.0,4,1,21,3.99
S7,2024-01-01,2024Q1,Rural,0,45,0,35,52,5.1,3,2,13,3.96
S7,2024-01-08,2024Q1,Rural,0,45,0,37,57,4.5,2,8,12,3.94
S7,2024-01-15,2024Q1,Rural,0,45,0,37,43,3.9,2,2,15,4.3
S7,2024-01-22,2024Q1,Rural,0,45,0,43,49,5.6,4,1,9,4.17
S7,2024-01-29,2024Q1,Rural,0,45,0,49,44,4.1,5,5,18,4.17
S7,2024-02-05,2024Q1,Rural,0,45,0,44,38,4.7,7,4,15,4.37
S7,2024-02-12,2024Q1,Rural,0,45,0,33,43,4.7,2,2,11,4.26
S7,2024-02-19,2024Q1,Rural,0,45,0,47,48,4.7,3,1,13,4.2
S7,2024-02-26,2024Q1,Rural,0,45,0,63,45,3.9,3,3,18,4.24
S7,2024-03-04,2024Q1,Rural,0,45,0,35,50,5.2,3,2,13,3.93
S7,2024-03-11,2024Q1,Rural,0,45,0,38,47,3.3,7,2,15,4.36
S7,2024-03-18,2024Q1,Rural,0,45,0,45,43,4.1,2,2,19,4.3
S7,2024-03-25,2024Q1,Rural,0,45,0,40,42,2.9,4,5,16,4.39
S7,2024-04-01,2024Q2,Rural,0,44,1,49,50,4.4,1,2,11,4.1
S7,2024-04-08,2024Q2,Rural,0,44,1,37,45,5.2,6,4,12,4.22
S7,2024-04-15,2024Q2,Rural,0,44,1,37,49,4.5,4,2,11,3.99
S7,2024-04-22,2024Q2,Rural,0,44,1,42,34,4.2,4,2,17,4.18
S7,2024-04-29,2024Q2,Rural,0,44,1,49,39,3.4,1,5,19,4.41
S7,2024-05-06,2024Q2,Rural,0,44,1,42,40,5.0,7,0,26,4.03
S7,2024-05-13,2024Q2,Rural,0,44,1,40,34,4.6,2,1,10,4.09
S7,2024-05-20,2024Q2,Rural,0,44,1,39,43,3.7,2,1,5,4.29
S7,2024-05-27,2024Q2,Rural,0,44,1,39,41,4.0,3,3,16,4.29
S7,2024-06-03,2024Q2,Rural,0,44,1,31,41,5.5,1,2,5,4.13
S7,2024-06-10,2024Q2,Rural,0,44,1,37,42,4.4,5,5,10,4.19
S7,2024-06-17,2024Q2,Rural,0,44,1,39,49,4.5,3,2,12,3.98
S7,2024-06-24,2024Q2,Rural,0,44,1,40,35,3.4,4,4,13,4.31
S7,2024-07-01,2024Q3,Rural,0,42,3,32,39,3.9,2,4,8,4.1
S7,2024-07-08,2024Q3,Rural,0,42,3,42,35,3.9,4,1,15,4.15
S7,2024-07-15,2024Q3,Rural,0,42,3,44,37,4.3,4,4,10,4.13
S7,2024-07-22,2024Q3,Rural,0,42,3,34,34,5.9,2,4,6,3.92
S7,2024-07-29,2024Q3,Rural,0,42,3,40,47,4.8,5,4,12,4.17
S7,2024-08-05,2024Q3,Rural,0,42,3,42,41,3.8,6,0,14,4.26
S7,2024-08-12,2024Q3,Rural,0,42,3,32,48,5.0,5,0,9,4.21
S7,2024-08-19,2024Q3,Rural,0,42,3,41,33,4.6,2,2,19,3.98
S7,2024-08-26,2024Q3,Rural,0,42,3,36,39,3.5,2,2,20,4.29
S7,2024-09-02,2024Q3,Rural,0,42,3,51,33,5.2,5,5,15,4.07
S7,2024-09-09,2024Q3,Rural,0,42,3,48,42,4.6,7,4,14,4.19
S7,2024-09-16,2024Q3,Rural,0,42,3,31,40,3.2,4,2,12,4.29
S7,2024-09-23,2024Q3,Rural,0,42,3,40,36,5.5,4,0,8,4.12
S7,2024-09-30,2024Q3,Rural,0,42,3,43,40,4.1,6,2,20,4.34
S7,2024-10-07,2024Q4,Rural,0,42,3,40,41,6.0,3,0,9,3.95
S7,2024-10-14,2024Q4,Rural,0,42,3,51,39,3.8,3,2,25,4.14
S7,2024-10-21,2024Q4,Rural,0,42,3,39,32,3.8,0,2,14,4.21
S7,2024-10-28,2024Q4,Rural,0,42,3,45,39,3.8,6,1,14,4.16
S7,2024-11-04,2024Q4,Rural,0,42,3,45,40,4.7,4,4,17,4.19
S7,2024-11-11,2024Q4,Rural,0,42,3,39,47,5.1,3,3,19,3.91
S7,2024-11-18,2024Q4,Rural,0,42,3,42,44,2.9,2,3,20,4.53
S7,2024-11-25,2024Q4,Rural,0,42,3,44,35,5.4,3,2,18,3.95
S7,2024-12-02,2024Q4,Rural,0,42,3,37,49,5.2,2,5,12,3.94
S7,2024-12-09,2024Q4,Rural,0,42,3,44,37,5.6,0,4,13,4.13
S7,2024-12-16,2024Q4,Rural,0,42,3,35,42,5.5,7,1,14,3.82
S7,2024-12-23,2024Q4,Rural,0,42,3,44,39,7.1,2,1,9,3.84
S7,2024-12-30,2024Q4,Rural,0,42,3,48,51,6.4,4,0,18,3.9
S7,2025-01-06,2025Q1,Rural,1,42,3,45,41,5.7,2,4,18,3.81
S7,2025-01-13,2025Q1,Rural,1,42,3,36,58,5.9,8,0,21,3.95
S7,2025-01-20,2025Q1,Rural,1,42,3,38,47,4.7,5,5,16,4.21
S7,2025-01-27,2025Q1,Rural,1,42,3,45,26,5.0,3,1,19,4.19
S7,2025-02-03,2025Q1,Rural,1,42,3,36,57,6.2,1,0,16,4.01
S7,2025-02-10,2025Q1,Rural,1,42,3,32,50,5.2,2,1,13,4.19
S7,2025-02-17,2025Q1,Rural,1,42,3,35,48,5.2,5,0,4,4.18
S7,2025-02-24,2025Q1,Rural,1,42,3,45,48,5.6,1,2,20,4.09
S7,2025-03-03,2025Q1,Rural,1,42,3,50,39,4.2,2,3,16,4.26
S7,2025-03-10,2025Q1,Rural,1,42,3,39,44,3.9,2,3,15,3.89
S7,2025-03-17,2025Q1,Rural,1,42,3,55,43,4.9,4,4,14,4.06
S7,2025-03-24,2025Q1,Rural,1,42,3,48,51,4.6,5,2,16,4.18
S7,2025-03-31,2025Q1,Rural,1,42,3,41,39,4.3,4,0,14,4.16
S7,2025-04-07,2025Q2,Rural,1,44,1,29,46,3.8,4,6,10,4.03
S7,2025-04-14,2025Q2,Rural,1,44,1,39,35,4.0,3,1,11,4.05
S7,2025-04-21,2025Q2,Rural,1,44,1,33,32,6.1,1,2,14,4.08
S7,2025-04-28,2025Q2,Rural,1,44,1,52,34,3.0,3,1,17,4.33
S7,2025-05-05,2025Q2,Rural,1,44,1,57,39,4.2,2,3,15,4.23
S7,2025-05-12,2025Q2,Rural,1,44,1,34,46,3.1,2,1,13,4.16
S7,2025-05-19,2025Q2,Rural,1,44,1,31,32,5.5,3,0,11,3.92
S7,2025-05-26,2025Q2,Rural,1,44,1,40,47,4.2,0,2,14,4.33
S7,2025-06-02,2025Q2,Rural,1,44,1,46,45,5.5,2,3,19,3.9
S7,2025-06-09,2025Q2,Rural,1,44,1,42,44,4.4,3,1,14,3.87
S7,2025-06-16,2025Q2,Rural,1,44,1,44,36,3.4,2,2,11,4.04
S7,2025-06-23,2025Q2,Rural,1,44,1,41,36,4.6,8,4,16,4.14
S7,2025-06-30,2025Q2,Rural,1,44,1,44,31,3.9,2,6,19,4.21
S7,2025-07-07,2025Q3,Rural,1,44,1,36,44,5.2,4,2,13,4.18
S7,2025-07-14,2025Q3,Rural,1,44,1,44,37,3.9,4,1,17,4.09
S7,2025-07-21,2025Q3,Rural,1,44,1,33,32,4.6,11,2,10,4.06
S7,2025-07-28,2025Q3,Rural,1,44,1,35,34,4.7,2,3,13,4.21
S7,2025-08-04,2025Q3,Rural,1,44,1,43,52,3.2,4,2,12,4.5
S7,2025-08-11,2025Q3,Rural,1,44,1,36,38,3.5,1,6,13,4.24
S7,2025-08-18,2025Q3,Rural,1,44,1,45,39,4.9,1,0,18,4.16
S7,2025-08-25,2025Q3,Rural,1,44,1,44,45,5.0,3,1,17,4.37
S7,2025-09-01,2025Q3,Rural,1,44,1,51,44,4.4,2,3,13,4.08
S7,2025-09-08,2025Q3,Rural,1,44,1,57,41,5.1,5,0,22,3.98
S7,2025-09-15,2025Q3,Rural,1,44,1,43,39,4.5,5,2,10,4.19
S7,2025-09-22,2025Q3,Rural,1,44,1,34,35,5.8,5,1,11,4.15
S7,2025-09-29,2025Q3,Rural,1,44,1,43,43,3.7,4,2,20,4.02
S7,2025-10-06,2025Q4,Rural,1,45,0,39,44,6.4,1,4,17,4.06
S7,2025-10-13,2025Q4,Rural,1,45,0,43,39,5.7,5,3,15,4.02
S7,2025-10-20,2025Q4,Rural,1,45,0,31,45,3.9,3,0,7,4.15
S7,2025-10-27,2025Q4,Rural,1,45,0,53,39,3.9,8,1,23,4.07
S7,2025-11-03,2025Q4,Rural,1,45,0,31,47,3.8,4,2,10,4.29
S7,2025-11-10,2025Q4,Rural,1,45,0,46,43,5.2,5,3,16,4.08
S7,2025-11-17,2025Q4,Rural,1,45,0,42,35,3.1,4,1,14,4.33
S7,2025-11-24,2025Q4,Rural,1,45,0,29,41,5.7,1,2,11,4.11
S7,2025-12-01,2025Q4,Rural,1,45,0,41,45,5.1,3,2,15,4.17
S7,2025-12-08,2025Q4,Rural,1,45,0,51,52,5.9,6,2,15,3.9
S7,2025-12-15,2025Q4,Rural,1,45,0,43,37,3.7,4,1,10,4.28
S7,2025-12-22,2025Q4,Rural,1,45,0,36,61,4.8,4,1,17,4.03
S8,2024-01-01,2024Q1,Rural,0,40,0,48,42,5.3,5,2,12,4.03
S8,2024-01-08,2024Q1,Rural,0,40,0,45,40,4.8,2,1,8,4.09
S8,2024-01-15,2024Q1,Rural,0,40,0,46,45,3.2,2,2,16,3.94
S8,2024-01-22,2024Q1,Rural,0,40,0,41,41,4.2,4,4,17,4.37
S8,2024-01-29,2024Q1,Rural,0,40,0,37,36,6.4,4,2,11,4.13
S8,2024-02-05,2024Q1,Rural,0,40,0,43,51,4.6,1,1,13,4.18
S8,2024-02-12,2024Q1,Rural,0,40,0,40,37,3.9,3,3,8,4.35
S8,2024-02-19,2024Q1,Rural,0,40,0,55,34,3.9,3,3,24,4.16
S8,2024-02-26,2024Q1,Rural,0,40,0,43,31,5.3,2,3,11,3.98
S8,2024-03-04,2024Q1,Rural,0,40,0,41,28,6.3,6,0,14,3.74
S8,2024-03-11,2024Q1,Rural,0,40,0,29,44,4.6,0,3,12,3.94
S8,2024-03-18,2024Q1,Rural,0,40,0,26,43,5.0,0,0,10,4.03
S8,2024-03-25,2024Q1,Rural,0,40,0,31,38,4.5,2,3,8,4.38
S8,2024-04-01,2024Q2,Rural,0,37,3,35,30,4.2,6,3,12,3.96
S8,2024-04-08,2024Q2,Rural,0,37,3,35,38,4.2,1,3,12,4.3
S8,2024-04-15,2024Q2,Rural,0,37,3,34,51,5.1,3,2,13,4.33
S8,2024-04-22,2024Q2,Rural,0,37,3,39,45,5.8,1,4,16,4.08
S8,2024-04-29,2024Q2,Rural,0,37,3,34,39,4.0,3,3,19,4.31
S8,2024-05-06,2024Q2,Rural,0,37,3,36,21,5.1,2,3,9,4.07
S8,2024-05-13,2024Q2,Rural,0,37,3,34,25,5.1,5,1,18,4.14
S8,2024-05-20,2024Q2,Rural,0,37,3,37,41,4.3,2,5,17,4.14
S8,2024-05-27,2024Q2,Rural,0,37,3,34,33,3.4,2,0,19,4.35
S8,2024-06-03,2024Q2,Rural,0,37,3,37,27,6.0,3,0,13,3.87
S8,2024-06-10,2024Q2,Rural,0,37,3,28,30,4.3,1,2,13,4.03
S8,2024-06-17,2024Q2,Rural,0,37,3,34,38,4.2,3,3,10,4.12
S8,2024-06-24,2024Q2,Rural,0,37,3,44,34,3.6,5,2,13,4.17
S8,2024-07-01,2024Q3,Rural,0,37,3,42,44,5.9,2,4,17,3.84
S8,2024-07-08,2024Q3,Rural,0,37,3,28,35,3.3,2,2,6,4.27
S8,2024-07-15,2024Q3,Rural,0,37,3,34,37,3.9,2,2,10,4.24
S8,2024-07-22,2024Q3,Rural,0,37,3,38,40,4.8,6,2,15,4.23
S8,2024-07-29,2024Q3,Rural,0,37,3,32,45,3.6,5,1,14,4.47
S8,2024-08-05,2024Q3,Rural,0,37,3,44,37,3.7,4,2,12,4.2
S8,2024-08-12,2024Q3,Rural,0,37,3,38,52,3.9,0,1,12,4.3
S8,2024-08-19,2024Q3,Rural,0,37,3,46,32,5.5,4,0,23,4.07
S8,2024-08-26,2024Q3,Rural,0,37,3,40,53,6.4,4,5,11,3.88
S8,2024-09-02,2024Q3,Rural,0,37,3,45,38,4.6,3,0,14,4.1
S8,2024-09-09,2024Q3,Rural,0,37,3,36,32,3.5,6,2,11,4.22
S8,2024-09-16,2024Q3,Rural,0,37,3,38,42,4.4,3,1,13,3.99
S8,2024-09-23,2024Q3,Rural,0,37,3,37,33,3.8,1,1,20,4.2
S8,2024-09-30,2024Q3,Rural,0,37,3,41,40,4.6,5,2,11,4.21
S8,2024-10-07,2024Q4,Rural,0,38,2,36,29,4.5,2,5,11,4.08
S8,2024-10-14,2024Q4,Rural,0,38,2,45,38,5.8,4,0,14,4.2
S8,2024-10-21,2024Q4,Rural,0,38,2,34,31,4.2,4,2,11,4.31
S8,2024-10-28,2024Q4,Rural,0,38,2,38,45,4.2,3,1,18,4.2
S8,2024-11-04,2024Q4,Rural,0,38,2,48,36,4.6,0,1,18,4.29
S8,2024-11-11,2024Q4,Rural,0,38,2,34,29,3.9,8,2,11,4.24
S8,2024-11-18,2024Q4,Rural,0,38,2,43,30,4.8,7,1,12,4.39
S8,2024-11-25,2024Q4,Rural,0,38,2,34,31,4.7,5,2,13,4.04
S8,2024-12-02,2024Q4,Rural,0,38,2,44,33,5.2,7,2,8,4.19
S8,2024-12-09,2024Q4,Rural,0,38,2,37,44,5.4,4,1,13,4.16
S8,2024-12-16,2024Q4,Rural,0,38,2,34,35,4.7,3,5,23,4.07
S8,2024-12-23,2024Q4,Rural,0,38,2,37,36,4.2,2,2,10,3.87
S8,2024-12-30,2024Q4,Rural,0,38,2,39,29,6.5,2,3,15,4.04
S8,2025-01-06,2025Q1,Rural,0,38,2,41,42,5.2,5,1,18,4.18
S8,2025-01-13,2025Q1,Rural,0,38,2,40,33,4.9,3,1,13,4.23
S8,2025-01-20,2025Q1,Rural,0,38,2,41,33,5.2,3,1,11,4.14
S8,2025-01-27,2025Q1,Rural,0,38,2,41,33,5.3,1,4,14,4.07
S8,2025-02-03,2025Q1,Rural,0,38,2,40,39,5.1,1,2,13,4.11
S8,2025-02-10,2025Q1,Rural,0,38,2,54,42,4.2,7,3,25,4.01
S8,2025-02-17,2025Q1,Rural,0,38,2,38,43,5.1,5,2,15,4.08
S8,2025-02-24,2025Q1,Rural,0,38,2,33,53,5.6,5,3,16,3.92
S8,2025-03-03,2025Q1,Rural,0,38,2,31,34,4.2,3,3,12,4.2
S8,2025-03-10,2025Q1,Rural,0,38,2,27,33,3.9,7,1,7,4.04
S8,2025-03-17,2025Q1,Rural,0,38,2,42,35,3.2,3,1,5,4.21
S8,2025-03-24,2025Q1,Rural,0,38,2,34,32,3.6,3,1,16,4.35
S8,2025-03-31,2025Q1,Rural,0,38,2,31,40,4.2,4,5,12,4.33
S8,2025-04-07,2025Q2,Rural,0,38,2,36,41,5.8,3,5,9,4.1
S8,2025-04-14,2025Q2,Rural,0,38,2,43,35,4.9,3,3,15,4.05
S8,2025-04-21,2025Q2,Rural,0,38,2,31,39,3.9,5,4,10,4.24
S8,2025-04-28,2025Q2,Rural,0,38,2,39,32,5.3,3,0,11,3.92
S8,2025-05-05,2025Q2,Rural,0,38,2,38,31,5.2,5,1,14,4.21
S8,2025-05-12,2025Q2,Rural,0,38,2,31,40,3.5,7,2,9,4.41
S8,2025-05-19,2025Q2,Rural,0,38,2,33,33,4.8,5,2,7,4.19
S8,2025-05-26,2025Q2,Rural,0,38,2,32,50,5.1,0,2,16,4.12
S8,2025-06-02,2025Q2,Rural,0,38,2,39,26,3.9,3,3,22,4.47
S8,2025-06-09,2025Q2,Rural,0,38,2,34,31,4.8,4,3,11,4.11
S8,2025-06-16,2025Q2,Rural,0,38,2,44,30,4.6,3,2,12,4.01
S8,2025-06-23,2025Q2,Rural,0,38,2,28,36,5.5,2,3,14,4.18
S8,2025-06-30,2025Q2,Rural,0,38,2,32,41,4.5,2,2,8,4.06
S8,2025-07-07,2025Q3,Rural,0,39,1,36,41,4.0,4,1,9,4.25
S8,2025-07-14,2025Q3,Rural,0,39,1,41,32,5.1,2,2,15,4.3
S8,2025-07-21,2025Q3,Rural,0,39,1,47,31,4.6,2,0,15,4.14
S8,2025-07-28,2025Q3,Rural,0,39,1,31,31,3.6,2,2,9,4.19
S8,2025-08-04,2025Q3,Rural,0,39,1,37,26,4.4,3,0,15,4.24
S8,2025-08-11,2025Q3,Rural,0,39,1,38,51,4.6,0,1,18,3.82
S8,2025-08-18,2025Q3,Rural,0,39,1,21,31,5.7,1,1,8,3.98
S8,2025-08-25,2025Q3,Rural,0,39,1,29,38,4.7,3,4,8,4.04
S8,2025-09-01,2025Q3,Rural,0,39,1,33,42,4.2,1,1,14,4.0
S8,2025-09-08,2025Q3,Rural,0,39,1,31,35,4.9,3,2,9,4.35
S8,2025-09-15,2025Q3,Rural,0,39,1,31,37,4.9,6,3,12,4.13
S8,2025-09-22,2025Q3,Rural,0,39,1,36,36,5.3,2,4,10,3.94
S8,2025-09-29,2025Q3,Rural,0,39,1,36,46,3.2,3,0,13,4.17
S8,2025-10-06,2025Q4,Rural,0,37,3,36,30,4.8,3,0,11,4.08
S8,2025-10-13,2025Q4,Rural,0,37,3,29,32,4.7,1,8,10,4.23
S8,2025-10-20,2025Q4,Rural,0,37,3,32,39,4.4,7,1,17,4.24
S8,2025-10-27,2025Q4,Rural,0,37,3,33,36,4.1,4,2,12,4.14
S8,2025-11-03,2025Q4,Rural,0,37,3,34,37,4.1,3,1,17,4.07
S8,2025-11-10,2025Q4,Rural,0,37,3,33,35,3.7,4,1,10,4.32
S8,2025-11-17,2025Q4,Rural,0,37,3,38,31,4.1,3,7,21,4.24
S8,2025-11-24,2025Q4,Rural,0,37,3,50,38,5.2,2,3,22,3.98
S8,2025-12-01,2025Q4,Rural,0,37,3,52,40,5.1,2,2,23,4.01
S8,2025-12-08,2025Q4,Rural,0,37,3,45,30,4.7,0,3,17,4.08
S8,2025-12-15,2025Q4,Rural,0,37,3,37,34,6.6,1,0,13,3.85
S8,2025-12-22,2025Q4,Rural,0,37,3,39,39,5.9,2,0,8,3.93
